Method,Name,Error,Occurrences,First Seen,Last Seen
POST,/api/product-ask-ai-assistant/L9ECAV7KIM,HTTPError('429 Client Error: Too Many Requests for url: /api/product-ask-ai-assistant/L9ECAV7KIM'),1,2026-07-27T15:47:14Z,2026-07-27T15:47:14Z
GET,/api/data/?contextKeys=assembly,HTTPError('503 Server Error: Service Unavailable for url: /api/data/?contextKeys=assembly'),1,2026-07-27T15:46:04Z,2026-07-27T15:46:04Z
POST,/api/product-ask-ai-assistant/HQTGWGPNH4,HTTPError('429 Client Error: Too Many Requests for url: /api/product-ask-ai-assistant/HQTGWGPNH4'),2,2026-07-27T15:40:31Z,2026-07-27T15:49:14Z
POST,/api/product-ask-ai-assistant/LS4PSXUNUM,HTTPError('429 Client Error: Too Many Requests for url: /api/product-ask-ai-assistant/LS4PSXUNUM'),1,2026-07-27T15:40:31Z,2026-07-27T15:40:31Z
POST,/api/product-ask-ai-assistant/9SIQT8TOJO,HTTPError('429 Client Error: Too Many Requests for url: /api/product-ask-ai-assistant/9SIQT8TOJO'),2,2026-07-27T15:36:46Z,2026-07-27T15:48:16Z
POST,/api/product-ask-ai-assistant/66VCHSJNUP,HTTPError('429 Client Error: Too Many Requests for url: /api/product-ask-ai-assistant/66VCHSJNUP'),1,2026-07-27T15:48:15Z,2026-07-27T15:48:15Z
POST,/api/product-ask-ai-assistant/1YMWWN1N4O,HTTPError('429 Client Error: Too Many Requests for url: /api/product-ask-ai-assistant/1YMWWN1N4O'),1,2026-07-27T15:49:14Z,2026-07-27T15:49:14Z
POST,/api/product-ask-ai-assistant/0PUK6V6EV0,HTTPError('429 Client Error: Too Many Requests for url: /api/product-ask-ai-assistant/0PUK6V6EV0'),2,2026-07-27T15:36:45Z,2026-07-27T15:49:14Z
POST,/api/product-ask-ai-assistant/6E92ZMYYFZ,HTTPError('429 Client Error: Too Many Requests for url: /api/product-ask-ai-assistant/6E92ZMYYFZ'),1,2026-07-27T15:39:42Z,2026-07-27T15:39:42Z
POST,/api/checkout,HTTPError('500 Server Error: Internal Server Error for url: /api/checkout'),2,2026-07-27T15:37:07Z,2026-07-27T15:37:07Z
