Type,Name,Request Count,Failure Count,Median Response Time,Average Response Time,Min Response Time,Max Response Time,Average Content Size,Requests/s,Failures/s,50%,66%,75%,80%,90%,95%,98%,99%,99.9%,99.99%,100%
GET,/,5368,3,14,27.469457698256907,3.743531182408333,761.6999540477991,12168.453427719822,1.4906994446243391,0.0008331032663697872,14,17,20,23,65,100,150,190,600,760,760
GET,/api/cart,6326,0,11,21.115820100208566,7.164138136431575,727.8913049958646,24.0,1.7567370876850912,0.0,11,12,14,17,41,85,120,160,610,730,730
POST,/api/cart,22003,7,14,23.864990668262116,5.13656809926033,5015.01888083294,118.41339817297641,6.110257056644809,0.0019439076215295034,14,16,19,21,33,53,98,170,730,4500,5000
POST,/api/checkout,7862,3,37,51.32039683946548,3.713957965373993,988.0566361825913,719.4605698295599,2.183285960066422,0.0008331032663697872,37,42,47,51,72,100,160,400,780,990,990
GET,/api/data/,436,0,14,26.195548162923767,9.81756392866373,525.4351701587439,200.4380733944954,0.12107767471240907,0.0,14,17,21,24,52,100,140,180,530,530,530
GET,/api/data/?contextKeys=accessories,435,1,15,30.4858536989396,9.454159066081047,564.3176441080868,302.3448275862069,0.12079997362361913,0.00027770108878992907,15,17,20,24,69,110,160,330,560,560,560
GET,/api/data/?contextKeys=assembly,388,0,15,31.46806593321878,10.07635286077857,689.7601711098105,89.0,0.10774802245049248,0.0,15,17,21,24,67,110,210,360,690,690,690
GET,/api/data/?contextKeys=binoculars,447,1,15,47.653917135708284,9.732351871207356,5010.886315954849,83.01789709172259,0.12413238668909829,0.00027770108878992907,15,17,21,28,90,120,180,640,5000,5000,5000
GET,/api/data/?contextKeys=books,449,1,15,44.083335821128934,9.11989202722907,5018.7583200167865,200.55902004454342,0.12468778886667814,0.00027770108878992907,15,18,21,25,89,120,180,250,5000,5000,5000
GET,/api/data/?contextKeys=telescopes,434,1,14,31.012241854675732,10.123368119820952,715.9506171010435,106.13594470046083,0.12052227253482921,0.00027770108878992907,14,17,19,22,53,120,170,370,720,720,720
GET,/api/data/?contextKeys=travel,435,0,15,32.36475315737142,10.251257102936506,746.8906019348651,129.0,0.12079997362361913,0.0,15,19,25,31,81,130,170,220,750,750,750
POST,/api/product-ask-ai-assistant/0PUK6V6EV0,496,0,20,1621.9027092884062,12.76093302294612,8543.789265910164,132.0,0.1377397400398048,0.0,20,37,100,330,8000,8100,8100,8200,8500,8500,8500
POST,/api/product-ask-ai-assistant/1YMWWN1N4O,516,0,20,1371.625978333601,12.495705857872963,8444.49390587397,132.0,0.14329376181560338,0.0,20,28,65,120,8000,8100,8100,8200,8400,8400,8400
POST,/api/product-ask-ai-assistant/2ZYFJ3GM2N,515,1,20,1505.3139079014038,12.460383819416165,8795.842477818951,131.78446601941747,0.14301606072681347,0.00027770108878992907,20,33,120,270,8000,8000,8200,8500,8800,8800,8800
POST,/api/product-ask-ai-assistant/66VCHSJNUP,506,0,18,1257.6669303027604,13.161379843950272,8702.168788993731,132.0,0.1405167509277041,0.0,18,26,62,110,8000,8000,8200,8200,8700,8700,8700
POST,/api/product-ask-ai-assistant/6E92ZMYYFZ,520,0,20,1507.0986510970845,13.017632067203522,8565.961868036538,132.0,0.1444045661707631,0.0,20,44,110,190,8000,8000,8100,8200,8600,8600,8600
POST,/api/product-ask-ai-assistant/9SIQT8TOJO,520,0,20,1477.5783203752676,12.23541609942913,8788.35989907384,132.0,0.1444045661707631,0.0,20,43,110,170,8000,8100,8100,8300,8800,8800,8800
POST,/api/product-ask-ai-assistant/HQTGWGPNH4,534,0,19,1297.9473098515173,13.002963969483972,8633.0126428511,132.0,0.14829238141382212,0.0,19,27,82,120,8000,8000,8100,8100,8600,8600,8600
POST,/api/product-ask-ai-assistant/L9ECAV7KIM,515,0,19,1564.578672363287,12.995898956432939,8849.846384022385,132.0,0.14301606072681347,0.0,19,34,100,210,8000,8100,8200,8200,8800,8800,8800
POST,/api/product-ask-ai-assistant/LS4PSXUNUM,536,0,19,1459.311681376499,13.00045195966959,8661.107388092205,132.0,0.14884778359140197,0.0,19,28,86,130,8000,8100,8200,8300,8700,8700,8700
POST,/api/product-ask-ai-assistant/OLJCESPC7Z,509,2,25,1452.248545764252,4.057680023834109,8721.65817883797,131.55206286836935,0.1413498541940739,0.0005554021775798581,25,47,110,170,8000,8100,8200,8300,8700,8700,8700
GET,/api/product-reviews/0PUK6V6EV0,302,0,13,26.774921334219098,9.636109927669168,192.88988993503153,988.0,0.08386572881455857,0.0,13,16,19,21,82,100,150,170,190,190,190
GET,/api/product-reviews/1YMWWN1N4O,275,0,13,27.124009670859035,9.695753920823336,712.7391691319644,1023.0,0.07636779941723049,0.0,13,15,19,23,53,110,160,190,710,710,710
GET,/api/product-reviews/2ZYFJ3GM2N,330,0,14,30.108367725077905,9.964616037905216,702.1897460799664,999.0,0.09164135930067659,0.0,14,16,19,26,81,110,150,200,700,700,700
GET,/api/product-reviews/66VCHSJNUP,317,0,13,25.074696508368437,9.711463935673237,202.3164709098637,997.0,0.0880312451464075,0.0,13,16,18,21,67,97,130,150,200,200,200
GET,/api/product-reviews/6E92ZMYYFZ,298,0,13,35.49059776623652,9.693676140159369,956.1698499601334,1026.0,0.08275492445939886,0.0,13,16,19,22,87,130,200,450,960,960,960
GET,/api/product-reviews/9SIQT8TOJO,340,0,13,25.98617089268587,9.208356030285358,171.97471484541893,1010.0,0.09441837018857588,0.0,13,16,20,24,82,100,130,150,170,170,170
GET,/api/product-reviews/HQTGWGPNH4,310,1,14,35.86726929211328,9.457004023715854,2320.5068400129676,1027.967741935484,0.086087337524878,0.00027770108878992907,14,16,20,22,75,120,180,210,2300,2300,2300
GET,/api/product-reviews/L9ECAV7KIM,307,0,13,28.23919394502495,9.337094146758318,488.64335007965565,943.0,0.08525423425850821,0.0,13,15,18,21,67,110,180,210,490,490,490
GET,/api/product-reviews/LS4PSXUNUM,296,0,14,36.123964574496334,9.475399972870946,695.2299168333411,1010.0,0.082199522281819,0.0,14,18,25,39,86,130,220,440,700,700,700
GET,/api/product-reviews/OLJCESPC7Z,304,0,13,29.37727356038522,9.557634126394987,660.2586461231112,1015.0,0.08442113099213844,0.0,13,15,20,25,70,97,200,220,660,660,660
GET,/api/products/0PUK6V6EV0,2823,1,11,21.964610669167406,7.103398907929659,2782.096775015816,420.88310308182787,0.7839501736539697,0.00027770108878992907,11,13,15,17,41,75,100,140,700,2800,2800
GET,/api/products/1YMWWN1N4O,2886,0,11,21.423869782833517,7.191808894276619,674.2825938854367,888.0,0.8014453422477352,0.0,11,13,16,18,38,80,120,150,600,670,670
GET,/api/products/2ZYFJ3GM2N,2873,1,11,22.71036377706326,7.356106070801616,778.5130888223648,555.8639053254437,0.7978352280934662,0.00027770108878992907,11,13,15,17,39,86,120,180,730,780,780
GET,/api/products/66VCHSJNUP,2746,1,11,23.474560358401494,7.2934741619974375,5003.993476973847,493.85324107793156,0.7625671898171452,0.00027770108878992907,11,13,15,17,40,86,120,160,650,5000,5000
GET,/api/products/6E92ZMYYFZ,2875,3,11,23.387126644911326,3.2871540170162916,4847.22755709663,474.5485217391304,0.7983906302710461,0.0008331032663697872,11,13,15,17,39,84,110,160,680,4800,4800
GET,/api/products/9SIQT8TOJO,2812,1,11,21.76669225118893,4.104233114048839,743.6571561265737,777.7297297297297,0.7808954616772805,0.00027770108878992907,11,13,16,18,41,80,120,160,690,740,740
GET,/api/products/HQTGWGPNH4,2781,2,11,22.432275440866054,6.922302069142461,896.2937959004194,738.5343401654081,0.7722867279247927,0.0005554021775798581,11,13,15,18,43,83,120,160,700,900,900
GET,/api/products/L9ECAV7KIM,2889,3,11,25.618848084143625,5.817896919324994,5012.490084860474,734.3059882312219,0.802278445514105,0.0008331032663697872,11,13,16,18,46,88,120,180,760,5000,5000
GET,/api/products/LS4PSXUNUM,2739,1,11,21.483811423098842,4.310692194849253,713.9303120784461,528.8134355604235,0.7606232821956157,0.00027770108878992907,11,13,15,18,44,84,120,150,680,710,710
GET,/api/products/OLJCESPC7Z,2813,2,14,28.94083558973435,9.661194868385792,5012.487682979554,505.7049413437611,0.7811731627660704,0.0005554021775798581,14,17,20,23,47,88,130,170,890,5000,5000
GET,/api/products?currencyCode=USD,4308,2,11,24.035725917417675,3.3761300146579742,755.4140058346093,6129.161559888579,1.1963362905070143,0.0005554021775798581,11,13,16,18,50,94,150,190,660,760,760
GET,/api/recommendations?productIds=0PUK6V6EV0,395,0,20,38.749863882843826,14.079664833843708,802.6281520724297,2545.5037974683546,0.10969193007202198,0.0,20,24,29,32,73,130,210,360,800,800,800
GET,/api/recommendations?productIds=1YMWWN1N4O,465,0,20,33.35927026446468,13.90276406891644,471.31604608148336,2327.2602150537637,0.12913100628731702,0.0,20,23,26,29,59,120,190,230,470,470,470
GET,/api/recommendations?productIds=2ZYFJ3GM2N,401,0,20,35.463447703461995,14.054343104362488,655.2964840084314,2476.3192019950125,0.11135813660476156,0.0,20,23,30,33,70,110,160,320,660,660,660
GET,/api/recommendations?productIds=66VCHSJNUP,442,0,20,38.365968160133185,12.806450948119164,657.1654439903796,2502.346153846154,0.12274388124514864,0.0,20,23,27,32,87,140,200,250,660,660,660
GET,/api/recommendations?productIds=6E92ZMYYFZ,442,0,19,34.730056203307576,13.981037074699998,640.3143911156803,2522.0995475113123,0.12274388124514864,0.0,19,22,26,28,62,100,210,280,640,640,640
GET,/api/recommendations?productIds=9SIQT8TOJO,410,0,20,37.155136351882504,13.8102020137012,711.0471359919757,2384.9731707317073,0.11385744640387091,0.0,20,23,27,31,77,110,170,200,710,710,710
GET,/api/recommendations?productIds=HQTGWGPNH4,388,0,21,33.4512941436074,13.6809260584414,690.164249157533,2398.541237113402,0.10774802245049248,0.0,21,24,28,30,53,110,150,240,690,690,690
GET,/api/recommendations?productIds=L9ECAV7KIM,449,0,20,39.79450852593577,13.47368792630732,971.1960579734296,2391.957683741648,0.12468778886667814,0.0,20,23,27,31,69,140,220,460,970,970,970
GET,/api/recommendations?productIds=LS4PSXUNUM,429,0,20,41.87144113309456,14.098129933699965,745.0487830210477,2472.286713286713,0.11913376709087957,0.0,20,24,31,38,100,150,190,320,750,750,750
GET,/api/recommendations?productIds=OLJCESPC7Z,419,0,19,37.90651156338096,14.123867033049464,560.4007630608976,2497.7159904534606,0.11635675620298028,0.0,19,24,31,36,94,130,190,260,560,560,560
,Aggregated,89614,38,14,109.61427588122028,3.2871540170162916,8849.846384022385,1473.9411587475172,24.8859053708207,0.010552641374017305,14,18,24,30,56,99,190,8000,8200,8700,8800
